,Comparison prevention,Confirmshaming,Fake scarcity,Fake social proof,Fake urgency,Forced action,Hard to cancel,Hidden Costs,Hidden subscription,Nagging,Obstruction,Preselection,Sneaking,Trick wording,Visual interference,Usability Smell,Potential new Dark Pattern,Not a Dark Pattern,Cannot be determined,,,,,
https://twitter.com/martylafl/status/1366361890201489408,,,,,,,,,,,,,,,,,,,x,,,,,
https://twitter.com/mihaimaruseac/status/1686957004248731648,,,,,,,X,,,,,,,,,,,,,,,,,
https://twitter.com/ycamjak/status/1158454835202547712,,,,,,,,,,,,,,,,x,,,,,,,,
https://www.consumerfinance.gov/data-research/consumer-complaints/search/detail/3670084,,,,,,,,,,,,,,,,,,,x,,,,,
https://www.consumerfinance.gov/data-research/consumer-complaints/search/detail/3714611,,,,,,,,,,,,,,,,,,,x,,,,,
https://www.consumerfinance.gov/data-research/consumer-complaints/search/detail/3848549,,,,,,,,,,,,,,,,,,,x,,,,,
https://www.consumerfinance.gov/data-research/consumer-complaints/search/detail/4113788,,,,,,,,,,,x,,,,,,,,,,,,,
https://www.consumerfinance.gov/data-research/consumer-complaints/search/detail/4132424,,,,,,,,,,,,,,,,,,x,,,,,,
https://www.consumerfinance.gov/data-research/consumer-complaints/search/detail/4189278,,,,,,,,,,,,,,,,,,,x,,,,,
https://www.consumerfinance.gov/data-research/consumer-complaints/search/detail/4363228,,,,,,,,,,,,,,,,,,x,,,,,,
https://www.consumerfinance.gov/data-research/consumer-complaints/search/detail/4389977,,,,,,,,,,,,,,,,,,x,,,,,,
https://www.consumerfinance.gov/data-research/consumer-complaints/search/detail/4522712,,,,,,,,,,,,,,,,,,,x,,,,,
https://www.consumerfinance.gov/data-research/consumer-complaints/search/detail/4701485,,,,,,,,,,,,,,,,,,x,,,,,,
https://www.consumerfinance.gov/data-research/consumer-complaints/search/detail/4847155,,,,,,,,,,,,,,,,,,,x,,,,,
https://www.consumerfinance.gov/data-research/consumer-complaints/search/detail/4961557,,,,,,,,,,,,,,,,,,x,,,,,,
https://www.consumerfinance.gov/data-research/consumer-complaints/search/detail/4985618,,,,,,,,,,,,,,,,,,x,,,,,,
https://www.consumerfinance.gov/data-research/consumer-complaints/search/detail/5162420,,,,,,,,,,,,,,,,,,x,,,,,,"finding: users use very short texts when aware that they are chatting with a bot, which may cause problems in understanding their intent"
https://www.consumerfinance.gov/data-research/consumer-complaints/search/detail/5234219,,,,,,,,,,,,,,,,,,,x,,,,,
https://www.consumerfinance.gov/data-research/consumer-complaints/search/detail/5252380,,,,,,,,,,,,,,,,,,,x,,,,,
https://www.consumerfinance.gov/data-research/consumer-complaints/search/detail/5504508,,,,,,,,,,,,,,,,,,,x,,,,,
https://www.consumerfinance.gov/data-research/consumer-complaints/search/detail/5728885,,,,,,,,,,,,,,,,,,,x,,,,,
https://www.consumerfinance.gov/data-research/consumer-complaints/search/detail/5933544,,,,,,,,,,,,,,,,,,x,,,,,,finding: users have high expectations towards chatbots that exceed their capabilities
https://www.consumerfinance.gov/data-research/consumer-complaints/search/detail/6016400,,,,,,,,,,,,,,,,,,x,,,,,,
https://www.consumerfinance.gov/data-research/consumer-complaints/search/detail/6121994,,,,,,,,,,,x,,,,,,,,,,,,,
https://www.consumerfinance.gov/data-research/consumer-complaints/search/detail/6130810,,,,,,,,,,,,,,,,,,,x,,,,,
https://www.consumerfinance.gov/data-research/consumer-complaints/search/detail/6221659,,,,,,,,,,,,,,,,,,,x,,,,,
https://www.consumerfinance.gov/data-research/consumer-complaints/search/detail/6293213,,,,,,,,,,,,,,,,,,x,,,,,,finding: users have high expectations towards chatbots that exceed their capabilities
https://www.consumerfinance.gov/data-research/consumer-complaints/search/detail/6306122,,,,,,,,,,,,,,,,,,x,,,,,,
https://www.consumerfinance.gov/data-research/consumer-complaints/search/detail/6390803,,,,,,,,,,,,,,,,,,x,,,,,,
https://www.consumerfinance.gov/data-research/consumer-complaints/search/detail/6489538,,,,,,,,,,,,,,,,,,,x,,,,,
https://www.consumerfinance.gov/data-research/consumer-complaints/search/detail/6537880,,,,,,,,,,,x,,,,,,,,,,,,,
https://www.consumerfinance.gov/data-research/consumer-complaints/search/detail/6585081,,,,,,,,,,,,,,,,,,,x,,,,,
https://www.consumerfinance.gov/data-research/consumer-complaints/search/detail/6827621,,,,,,,,,,,,,,,,,,,x,,,,,
https://www.consumerfinance.gov/data-research/consumer-complaints/search/detail/7047074,,,,,,,,,,,,,,,,,,,x,,,,,
https://www.consumerfinance.gov/data-research/consumer-complaints/search/detail/7058140,,,,,,,,,,,,,,,,,,x,,,,,,
https://www.consumerfinance.gov/data-research/consumer-complaints/search/detail/7059969,,,,,,,,,,,,,,,,,,x,,,,,,
https://www.consumerfinance.gov/data-research/consumer-complaints/search/detail/7074824,,,,,,,,,,,,,,,,x,,,,,,,,
https://www.consumerfinance.gov/data-research/consumer-complaints/search/detail/7083578,,,,,,,,,,,,,,,,,,,x,,,,,
https://www.consumerfinance.gov/data-research/consumer-complaints/search/detail/7119553,,,,,,,,,,,,,,,,,,x,,,,,,
https://www.reddit.com/r/assholedesign/comments/11jv71o/you_must_opt_in_for_their_promotion_messages_in/,,,,,,x,,,,,,,,,,,,,,,,,,
https://www.reddit.com/r/assholedesign/comments/11l1paa/rogers_telecom_pushes_you_to_use_the_online/,,,,,,,,,,,,,,,,x,,,,,,,,
https://www.reddit.com/r/assholedesign/comments/123p08e/viewing_bing_chats_terms_and_conditions_of_use_is/,,,,,,,,,,,x,,,,,,,,,,,,,finding: users have high expectations towards chatbots that exceed their capabilities
https://www.reddit.com/r/assholedesign/comments/15bbkwy/atts_chatbot_pretends_to_not_be_able_to_hear_you/,,,,,,,,,,,,,,,,,,x,,,,,,
https://www.reddit.com/r/assholedesign/comments/15g3hkk/lyca_live_chat_claims_internet_connectivity/,,,,,,,,,,,,,,,,,,,x,,,,,
https://www.reddit.com/r/assholedesign/comments/15glycq/so_bing_closes_the_chat_when_you_ask_why_there_is/,,,,,,,,,,,,,,,,,,x,,,,,,
https://www.reddit.com/r/assholedesign/comments/bmkrgn/verizon_wont_let_you_chat_with_someone_about_your/,,,,,,,,,,,,,,,,,,x,,,,,,
https://www.reddit.com/r/assholedesign/comments/c6iksy/dpd_delivery_company_chat_bot_pretends_to_be_a/,,,,,,,,,,,,,,,,,,,x,,,,,"finding: users seem to have difficulties identifying whether they chat with a person or a bot - this could be a potential dark pattern, but in this case I do not see the chatbot pretending to be human"
https://www.reddit.com/r/assholedesign/comments/e7uhfo/after_dpd_didnt_give_me_my_1hour_delivery_window/,,,,,,,,,,,,,,,,,,x,,,,,,
https://www.reddit.com/r/assholedesign/comments/gt2yvj/when_i_ask_the_chat_bot_at_grande_to_upgrade_my/,,,,,,,,,,,,,,,,,,,x,,,,,
https://www.reddit.com/r/assholedesign/comments/hbqxa5/the_chat_room_is_just_bots_that_persistently/,,,,,,,,,,x,,,,,,,,,,,,,,
https://www.reddit.com/r/assholedesign/comments/i7barw/ny_times_asshole_cancellation_process_design_you/,,,,,,,x,,,,,,,,,,,,,,,,,
https://www.reddit.com/r/assholedesign/comments/wr0v7n/no_wait_time_on_chat_no_log_of_time_chatting/,,,,,,,,,,,,,,,,x,,,,,,,,
https://www.reddit.com/r/assholedesign/comments/x0dlpr/playstation_wont_let_you_contact_support_more/,,,,,,,,,,,,,,,,,,,x,,,,,
https://www.reddit.com/r/assholedesign/comments/x9ejbf/you_can_only_try_to_talk_to_support_once_per_day/,,,,,,,,,,,,,,,,,,,x,,,,,
https://www.reddit.com/r/assholedesign/comments/y789xg/trying_to_ask_lenovo_support_if_theyre_launching/,,,,,,x,,,,,,,,,,,,,,,,,,
https://www.reddit.com/r/assholedesign/comments/znk881/this_stupid_customer_care_bot_in_amazoncom_it/,,,,,,,,,,,,,,,,x,,,,,,,,
https://www.reddit.com/r/CrappyDesign/comments/ag6fxx/dpd_bot_assistant_answers_like_a_politician/,,,,,,,,,,,,,,,,,,x,,,,,,
https://www.reddit.com/r/CrappyDesign/comments/fddfhp/zendesk_chatbot_contradicting_the_clients_website/,,,,,,,,,,,,,,,,,,x,,,,,,
https://www.reddit.com/r/darkpatterns/comments/j1obiq/spectrum_chat_dark_pattern/,,,,,,,,,,,x,,,,,,,,,,,,,
https://www.reddit.com/r/darkpatterns/comments/ubptf2/modern_milkman_to_cancel_you_must_to_chat_to_a/,,x,,,,,,,,,,,,,,,,,,,,,,
https://www.reddit.com/r/softwaregore/comments/143xkrw/at_no_point_did_i_provide_my_email_or_login/,,,,,,,,,,,,,,,,,,,x,,,,,
https://www.reddit.com/r/softwaregore/comments/88cx3u/vodafone_chatbot_doesnt_understand_how_waiting/,,,,,,,,,,,,,,,,x,,,,,,,,
https://www.reddit.com/r/softwaregore/comments/9ivsx6/hey_amazon_chatbot_when_will_my_late_order/,,,,,,,,,,,,,,,,,,x,,,,,,
https://www.reddit.com/r/softwaregore/comments/abjtwy/definitely_the_most_helpful_chat_bot/,,,,,,,,,,,,,,,,x,,,,,,,,
https://www.reddit.com/r/softwaregore/comments/akik8x/i_was_chatting_with_verizon_support_and_i_guess/,,,,,,,,,,,,,,,,,,x,,,,,,
https://www.reddit.com/r/softwaregore/comments/cazlik/this_suggestion_from_a_help_chat_bot/,,,,,,,,,,,,,,,,,,x,,,,,,
https://www.reddit.com/r/softwaregore/comments/f3pqmw/this_government_chat_bot/,,,,,,,,,,,,,,,,,,x,,,,,,
https://www.reddit.com/r/softwaregore/comments/gr3rxt/these_chatbots/,,,,,,,,,,,,,,,,,,x,,,,,,
https://www.reddit.com/r/softwaregore/comments/k26x0p/thanks_ikea_live_chat_bot/,,,,,,,,,,,,,,,,,,x,,,,,,